datetime;open;high;low;close
2025-06-05 01:00:00;3380.19;3381.26;3379.5;3379.51
2025-06-05 01:01:00;3379.54;3380.71;3379.13;3380.52
2025-06-05 01:02:00;3380.47998;3381.23999;3380.47998;3380.97998
2025-06-05 01:03:00;3380.96;3381.47;3380.75;3381.17
2025-06-05 01:04:00;3381.25;3383.35;3381.25;3382.96
2025-06-05 01:05:00;3383.03;3383.13;3381.97;3382.44
2025-06-05 01:06:00;3382.43994;3383.88989;3382.23999;3383.62012
2025-06-05 01:07:00;3383.45996;3384.11011;3382.79004;3382.79004
2025-06-05 01:08:00;3382.54;3383.4;3382;3382.9
2025-06-05 01:09:00;3382.89;3382.89;3382;3382.04
2025-06-05 01:10:00;3382;3382.31;3380.93;3381.04
2025-06-05 01:11:00;3381.49;3381.96;3379.87;3381.96
2025-06-05 01:12:00;3382.02;3382.1;3381.38;3381.53
2025-06-05 01:13:00;3381.46;3381.62;3380.01;3380.01
2025-06-05 01:14:00;3379.99;3380;3379.26;3379.83
2025-06-05 01:15:00;3379.82;3379.9;3377.97;3378.98
2025-06-05 01:16:00;3379.11;3379.69;3379.07;3379.08
2025-06-05 01:17:00;3379.04;3379.25;3378.16;3379.09
2025-06-05 01:18:00;3378.89;3378.97;3377.54;3377.54
2025-06-05 01:19:00;3377.51;3377.56;3377;3377.34
2025-06-05 01:20:00;3377.32;3377.62;3376.67;3376.88
2025-06-05 01:21:00;3376.97998;3377.030029;3375.45996;3375.76001
2025-06-05 01:22:00;3375.71;3376.28;3375.3;3375.66
2025-06-05 01:23:00;3375.66992;3376.16992;3375.17993;3376.090088
2025-06-05 01:24:00;3376.01;3376.96;3375.59;3375.66
2025-06-05 01:25:00;3375.64;3376.26;3374.79;3376.21
2025-06-05 01:26:00;3376.33;3377.29;3376.04;3377.25
2025-06-05 01:27:00;3377.31;3377.63;3376.86;3377.49
2025-06-05 01:28:00;3377.57;3377.91;3376.51;3376.64
2025-06-05 01:29:00;3376.62;3377.62;3376.54;3377.62
2025-06-05 01:30:00;3377.64;3377.75;3377;3377.26
2025-06-05 01:31:00;3377.31;3377.31;3374.45;3374.76
2025-06-05 01:32:00;3374.81;3375.04;3374.03;3374.94
2025-06-05 01:33:00;3375.11;3376.19;3374.99;3375.6
2025-06-05 01:34:00;3375.73;3375.73;3373.83;3373.84
2025-06-05 01:35:00;3373.81;3373.81;3373.07;3373.51
2025-06-05 01:36:00;3373.5;3373.79;3372.6;3372.6
2025-06-05 01:37:00;3372.5;3373.87;3372.37;3373.87
2025-06-05 01:38:00;3373.98;3375.57;3373.85;3375.2
2025-06-05 01:39:00;3375.31;3375.45;3373.7;3373.79
2025-06-05 01:40:00;3373.88;3374.48;3373.18;3374.07
2025-06-05 01:41:00;3373.89;3374.15;3372.66;3373.29
2025-06-05 01:42:00;3373.21;3373.24;3372.08;3372.24
2025-06-05 01:43:00;3372.32;3374.11;3372.21;3373.86
2025-06-05 01:44:00;3373.8;3374;3372.73;3373.89
2025-06-05 01:45:00;3373.84;3376.02;3373.84;3374.33
2025-06-05 01:46:00;3374.14;3375.3;3373.8;3374.72
2025-06-05 01:47:00;3374.83;3374.98;3372.81;3373.42
2025-06-05 01:48:00;3373.36;3373.36;3371.65;3372.4
2025-06-05 01:49:00;3372.68;3373.81;3372.54;3373.61
2025-06-05 01:50:00;3373.61;3373.78;3372.6;3372.9
2025-06-05 01:51:00;3372.68;3373.37;3372.57;3373.05
2025-06-05 01:52:00;3373.07;3373.4;3372.29;3373.15
2025-06-05 01:53:00;3373.21;3373.44;3372.82;3373.23
2025-06-05 01:54:00;3373.12012;3373.14990;3371.96997;3372.12012
2025-06-05 01:55:00;3372.10010;3372.10010;3370.82007;3371.62012
2025-06-05 01:56:00;3371.54;3373.2;3371.54;3373.11
2025-06-05 01:57:00;3373.29;3374.14;3373.29;3373.94
2025-06-05 01:58:00;3373.97;3373.99;3373.12;3373.9
2025-06-05 01:59:00;3373.88;3374.19;3373.5;3373.79
2025-06-05 02:00:00;3373.66992;3374.18994;3373.15991;3374.18994
2025-06-05 02:01:00;3374.29;3374.52;3372.99;3373
2025-06-05 02:02:00;3372.99;3372.99;3372.27;3372.92
2025-06-05 02:03:00;3372.93;3373.87;3372.88;3373.72
2025-06-05 02:04:00;3373.79;3374.47;3372.93;3373.27
2025-06-05 02:05:00;3373.25;3374.06;3372.86;3373.85
2025-06-05 02:06:00;3373.86;3374.33;3373.46;3374.33
2025-06-05 02:07:00;3374.34;3374.95;3373.69;3373.7
2025-06-05 02:08:00;3373.57;3373.57;3372.95;3373.19
2025-06-05 02:09:00;3372.98;3373.31;3372.86;3373.1
2025-06-05 02:10:00;3372.86;3373.1;3371.73;3371.78
2025-06-05 02:11:00;3371.83;3371.97;3371.17;3371.17
2025-06-05 02:12:00;3371.31;3371.7;3371.08;3371.7
2025-06-05 02:13:00;3371.6;3372.38;3371.25;3371.39
2025-06-05 02:14:00;3371.26;3371.49;3369.45;3370.52
2025-06-05 02:15:00;3370.52;3371.24;3369.39;3371.21
2025-06-05 02:16:00;3371.24;3371.26;3369.92;3370.28
2025-06-05 02:17:00;3370.11;3370.52;3369.74;3370.13
2025-06-05 02:18:00;3370.12;3370.12;3368.75;3368.75
2025-06-05 02:19:00;3368.86011;3369.92993;3368.51001;3369.59009
2025-06-05 02:20:00;3369.33;3369.49;3368.83;3368.9
2025-06-05 02:21:00;3368.91992;3369.88989;3368.53003;3369.55005
2025-06-05 02:22:00;3369.46;3369.85;3369.46;3369.57
2025-06-05 02:23:00;3369.46;3370.46;3369.45;3370.31
2025-06-05 02:24:00;3370.32;3370.64;3370.14;3370.33
2025-06-05 02:25:00;3370.36;3370.74;3370.32;3370.53
2025-06-05 02:26:00;3370.44;3371.35;3370.33;3371.02
2025-06-05 02:27:00;3371.07;3371.69;3371.07;3371.53
2025-06-05 02:28:00;3371.52;3371.63;3370.54;3370.64
2025-06-05 02:29:00;3370.72998;3371.83008;3370.70996;3371.83008
2025-06-05 02:30:00;3371.97998;3372.69995;3371.52002;3372.68994
2025-06-05 02:31:00;3372.52;3373.4;3372.52;3373.11
2025-06-05 02:32:00;3373.14;3373.14;3372.61;3372.91
2025-06-05 02:33:00;3373.29;3373.3;3372.81;3372.83
2025-06-05 02:34:00;3372.94995;3373.11011;3372.47998;3372.88989
2025-06-05 02:35:00;3372.94995;3373.14990;3372.11011;3373.030029
2025-06-05 02:36:00;3373.11011;3373.14990;3372.83008;3372.84009
2025-06-05 02:37:00;3373.15991;3373.15991;3372.050049;3372.33008
2025-06-05 02:38:00;3372.28003;3372.37988;3371.59009;3371.80005
2025-06-05 02:39:00;3371.65;3371.65;3370.52;3370.9
2025-06-05 02:40:00;3370.8;3371.01;3369.84;3369.94
2025-06-05 02:41:00;3369.86;3369.86;3368.28;3368.66
2025-06-05 02:42:00;3368.64;3370.75;3368.64;3370.09
2025-06-05 02:43:00;3370.18;3371.03;3369.7;3370.52
2025-06-05 02:44:00;3370.3;3371.27;3369.88;3370.86
2025-06-05 02:45:00;3370.94995;3371.19995;3370.48999;3370.57007
2025-06-05 02:46:00;3370.47;3370.47;3369.54;3369.54
2025-06-05 02:47:00;3369.72;3370.25;3369.68;3369.88
2025-06-05 02:48:00;3369.96997;3370.62012;3369.96997;3370.39990
2025-06-05 02:49:00;3370.45;3371.35;3370.45;3371.1
2025-06-05 02:50:00;3371.12988;3371.27002;3370.090088;3370.25
2025-06-05 02:51:00;3370.29004;3370.41992;3369.93994;3370.37988
2025-06-05 02:52:00;3370.32;3371.34;3370.28;3370.39
2025-06-05 02:53:00;3370.33;3371.04;3370.33;3370.93
2025-06-05 02:54:00;3370.94;3371.45;3370.93;3371.39
2025-06-05 02:55:00;3371.32;3371.65;3371.11;3371.42
2025-06-05 02:56:00;3371.59;3371.75;3370.91;3370.92
2025-06-05 02:57:00;3370.92;3370.94;3370.26;3370.76
2025-06-05 02:58:00;3370.88989;3371.19995;3370.71997;3371.050049
2025-06-05 02:59:00;3371.040039;3371.12988;3370.55005;3370.97998
2025-06-05 03:00:00;3370.89;3370.94;3370.02;3370.16
2025-06-05 03:01:00;3370.07;3371.01;3370.07;3370.8
2025-06-05 03:02:00;3370.97;3370.97;3370.63;3370.65
2025-06-05 03:03:00;3371.23;3372.35;3371.23;3372.21
2025-06-05 03:04:00;3372.31006;3372.36011;3372.010010;3372.010010
2025-06-05 03:05:00;3371.98999;3372.33008;3371.91992;3371.91992
2025-06-05 03:06:00;3371.95996;3372.31006;3371.82007;3372.030029
2025-06-05 03:07:00;3371.91;3372.05;3371.49;3371.72
2025-06-05 03:08:00;3371.72;3371.72;3371.37;3371.39
2025-06-05 03:09:00;3371.46;3371.73;3371.22;3371.22
2025-06-05 03:10:00;3371.32007;3371.32007;3370.5;3370.59009
2025-06-05 03:11:00;3370.39;3370.45;3369.91;3370.16
2025-06-05 03:12:00;3370.43994;3370.80005;3370.16992;3370.45996
2025-06-05 03:13:00;3370.42;3370.69;3370.1;3370.65
2025-06-05 03:14:00;3370.51;3371.21;3370.23;3371.21
2025-06-05 03:15:00;3371.31;3371.79;3371.23;3371.79
2025-06-05 03:16:00;3372.02;3372.71;3372.02;3372.22
2025-06-05 03:17:00;3372.26;3372.32;3371.92;3372.13
2025-06-05 03:18:00;3372.19;3372.23;3371.89;3371.99
2025-06-05 03:19:00;3372.18;3372.44;3371.95;3372.35
2025-06-05 03:20:00;3372.34;3372.56;3372.2;3372.45
2025-06-05 03:21:00;3372.62;3372.96;3372.62;3372.78
2025-06-05 03:22:00;3372.77;3373.97;3372.77;3373.29
2025-06-05 03:23:00;3373.27;3373.53;3372.88;3373.53
2025-06-05 03:24:00;3373.71;3373.89;3373.34;3373.48
2025-06-05 03:25:00;3373.58;3373.72;3372.83;3372.91
2025-06-05 03:26:00;3372.67;3373.11;3372.62;3372.91
2025-06-05 03:27:00;3372.96997;3373.78003;3372.96997;3373.56006
2025-06-05 03:28:00;3373.51;3373.84;3373.29;3373.57
2025-06-05 03:29:00;3373.56;3373.97;3373.55;3373.96
2025-06-05 03:30:00;3374.11011;3374.86011;3373.60010;3374.80005
2025-06-05 03:31:00;3374.65;3374.93;3374.37;3374.87
2025-06-05 03:32:00;3374.76;3375.32;3374.72;3375.19
2025-06-05 03:33:00;3375.24;3376;3375.17;3375.82
2025-06-05 03:34:00;3375.65;3376.02;3375.5;3375.86
2025-06-05 03:35:00;3376.12;3376.77;3375.78;3376.75
2025-06-05 03:36:00;3376.67;3377.4;3376.37;3376.89
2025-06-05 03:37:00;3376.96;3376.96;3375;3375.17
2025-06-05 03:38:00;3375.12;3375.2;3373.75;3374.16
2025-06-05 03:39:00;3374.06;3374.86;3374.06;3374.66
2025-06-05 03:40:00;3374.34;3374.66;3373.94;3374.1
2025-06-05 03:41:00;3374.26;3374.45;3374.11;3374.2
2025-06-05 03:42:00;3374.02;3374.8;3373.98;3374.47
2025-06-05 03:43:00;3374.47;3374.84;3374.3;3374.75
2025-06-05 03:44:00;3374.82;3374.92;3374.55;3374.73
2025-06-05 03:45:00;3374.89;3375.07;3374.52;3374.91
2025-06-05 03:46:00;3374.9;3374.9;3374.56;3374.6
2025-06-05 03:47:00;3374.6;3375.33;3374.42;3375.19
2025-06-05 03:48:00;3374.95;3375.14;3374.75;3375.14
2025-06-05 03:49:00;3375.27;3375.31;3374.46;3374.46
2025-06-05 03:50:00;3374.4;3374.44;3373.25;3373.33
2025-06-05 03:51:00;3373.19;3373.32;3372.57;3372.89
2025-06-05 03:52:00;3372.81;3372.99;3372.39;3372.91
2025-06-05 03:53:00;3372.86011;3373.69995;3372.76001;3373.26001
2025-06-05 03:54:00;3373.16992;3373.40991;3373.020020;3373.22998
2025-06-05 03:55:00;3373.21997;3373.29004;3371.88989;3371.88989
2025-06-05 03:56:00;3371.46997;3371.46997;3370.73999;3371.050049
2025-06-05 03:57:00;3371.090088;3371.10010;3369.52002;3369.83008
2025-06-05 03:58:00;3369.79004;3370.040039;3369.37988;3369.87012
2025-06-05 03:59:00;3369.98999;3370.29004;3369.77002;3369.82007
2025-06-05 04:00:00;3369.73;3369.73;3368.5;3368.98
2025-06-05 04:01:00;3368.96;3369.26;3368.74;3368.74
2025-06-05 04:02:00;3368.84;3369.26;3368.32;3369.15
2025-06-05 04:03:00;3369.15;3369.55;3369.05;3369.52
2025-06-05 04:04:00;3369.25;3369.33;3369.04;3369.15
2025-06-05 04:05:00;3369.23;3370.28;3369.23;3370.21
2025-06-05 04:06:00;3370.28;3370.66;3370.06;3370.53
2025-06-05 04:07:00;3370.64;3370.82;3370.17;3370.82
2025-06-05 04:08:00;3370.8;3371.33;3370.51;3371.29
2025-06-05 04:09:00;3372.28;3372.38;3372.03;3372.25
2025-06-05 04:10:00;3372.28;3372.47;3371.58;3371.66
2025-06-05 04:11:00;3371.71;3371.73;3371.23;3371.41
2025-06-05 04:12:00;3371.68;3371.68;3370.65;3370.7
2025-06-05 04:13:00;3370.54;3370.7;3369.79;3370.11
2025-06-05 04:14:00;3370.1;3370.16;3369.62;3369.66
2025-06-05 04:15:00;3369.64;3369.71;3368.18;3368.28
2025-06-05 04:16:00;3368.17;3368.17;3364.08;3366.24
2025-06-05 04:17:00;3366.16;3366.65;3365.91;3366.19
2025-06-05 04:18:00;3366.25;3367.55;3365.58;3367.55
2025-06-05 04:19:00;3367.57;3368.72;3366.94;3368.64
2025-06-05 04:20:00;3368.41;3369.19;3368.24;3368.96
2025-06-05 04:21:00;3369.03;3370.07;3369.03;3370.01
2025-06-05 04:22:00;3370.12;3370.22;3369.6;3369.74
2025-06-05 04:23:00;3369.8;3369.8;3368.95;3368.99
2025-06-05 04:24:00;3369.44;3369.58;3367.45;3367.45
2025-06-05 04:25:00;3367.54;3367.85;3366.71;3367.58
2025-06-05 04:26:00;3367.67;3369.2;3367.44;3369.16
2025-06-05 04:27:00;3373.6;3373.6;3373.4;3373.4
2025-06-05 04:28:00;3369.53;3369.53;3368.21;3368.94
2025-06-05 04:29:00;3368.87;3368.88;3367.39;3367.4
2025-06-05 04:30:00;3367.4;3368.53;3367.33;3367.49
2025-06-05 04:31:00;3367.56;3367.56;3366.93;3367.38
2025-06-05 04:32:00;3367.4;3367.4;3366.62;3366.81
2025-06-05 04:33:00;3366.79;3366.84;3366.1;3366.23
2025-06-05 04:34:00;3366.30005;3367.32007;3366.29004;3367.060059
2025-06-05 04:35:00;3367.09;3368.22;3367.09;3368.02
2025-06-05 04:36:00;3368.02;3368.02;3367.45;3367.62
2025-06-05 04:37:00;3367.69;3367.82;3367.39;3367.39
2025-06-05 04:38:00;3367.63;3368.28;3367.4;3367.99
2025-06-05 04:39:00;3367.98;3368.83;3367.82;3368.5
2025-06-05 04:40:00;3368.57007;3368.85010;3368.37012;3368.47998
2025-06-05 04:41:00;3368.22;3368.59;3368.21;3368.48
2025-06-05 04:42:00;3368.58;3368.78;3367.92;3368.01
2025-06-05 04:43:00;3367.94;3367.94;3366.99;3367.24
2025-06-05 04:44:00;3367.31;3368.08;3367.01;3367.91
2025-06-05 04:45:00;3367.83;3368.6;3367.8;3368.42
2025-06-05 04:46:00;3368.58;3368.89;3367.96;3368.62
2025-06-05 04:47:00;3368.04;3368.89;3368;3368.29
2025-06-05 04:48:00;3368.02;3368.02;3367.54;3367.55
2025-06-05 04:49:00;3367.45;3367.45;3366.66;3367.05
2025-06-05 04:50:00;3367.13989;3367.60010;3367.13989;3367.46997
2025-06-05 04:51:00;3367.46;3367.56;3367.26;3367.55
2025-06-05 04:52:00;3367.64;3368.26;3367.64;3368.24
2025-06-05 04:53:00;3368.46997;3368.47998;3368.010010;3368.27002
2025-06-05 04:54:00;3368.26001;3368.52002;3368.040039;3368.040039
2025-06-05 04:55:00;3367.96;3368.15;3367.63;3367.66
2025-06-05 04:56:00;3367.75;3368.06;3367.6;3367.86
2025-06-05 04:57:00;3368.08;3368.21;3367.95;3368
2025-06-05 04:58:00;3367.99;3368.38;3367.99;3368.35
2025-06-05 04:59:00;3368.38989;3368.62988;3368.28003;3368.52002
2025-06-05 05:00:00;3368.47;3368.76;3368.17;3368.47
2025-06-05 05:01:00;3368.45;3368.85;3368.19;3368.21
2025-06-05 05:02:00;3368.29004;3368.62988;3368.27002;3368.28003
2025-06-05 05:03:00;3368.32;3369.63;3368.32;3369.63
2025-06-05 05:04:00;3369.64;3369.64;3366.73;3368.44
2025-06-05 05:05:00;3368.39;3368.71;3366.65;3366.9
2025-06-05 05:06:00;3366.94;3367.71;3366.67;3367.05
2025-06-05 05:07:00;3367.08;3367.77;3366.96;3367.26
2025-06-05 05:08:00;3367.55;3367.94;3367.42;3367.84
2025-06-05 05:09:00;3367.78;3368.09;3367.68;3368.04
2025-06-05 05:10:00;3368;3368;3366.95;3367.04
2025-06-05 05:11:00;3367.22;3367.8;3367.22;3367.46
2025-06-05 05:12:00;3367.53;3367.7;3367.35;3367.65
2025-06-05 05:13:00;3367.77002;3369.080078;3367.60010;3369.070068
2025-06-05 05:14:00;3369.11011;3369.22998;3368.39990;3368.39990
2025-06-05 05:15:00;3368.27;3369.12;3367.75;3367.8
2025-06-05 05:16:00;3367.94995;3368.77002;3367.94995;3368.69995
2025-06-05 05:17:00;3368.66992;3368.83008;3368.54004;3368.56006
2025-06-05 05:18:00;3368.52002;3369.36011;3368.18994;3368.43994
2025-06-05 05:19:00;3372.4;3372.4;3372.4;3372.4
2025-06-05 05:20:00;3367.46;3367.65;3366.89;3367.18
2025-06-05 05:21:00;3372.3;3372.3;3372.3;3372.3
2025-06-05 05:22:00;3367.5;3367.64990;3367.27002;3367.28003
2025-06-05 05:23:00;3367.19;3367.41;3366.5;3366.88
2025-06-05 05:24:00;3366.02;3366.08;3364.92;3365.38
2025-06-05 05:25:00;3365.31;3365.57;3364.93;3365.11
2025-06-05 05:26:00;3365;3365.27;3364.72;3364.72
2025-06-05 05:27:00;3369.8;3369.8;3369.8;3369.8
2025-06-05 05:28:00;3365.25;3365.84;3365.25;3365.53
2025-06-05 05:29:00;3366.11011;3366.11011;3365.62988;3365.95996
2025-06-05 05:30:00;3365.6;3366.16;3364.79;3366.08
2025-06-05 05:31:00;3366.21;3367.18;3366.21;3366.83
2025-06-05 05:32:00;3366.83;3366.83;3364.43;3365.23
2025-06-05 05:33:00;3365.14;3365.14;3363.73;3363.73
2025-06-05 05:34:00;3363.79004;3364.53003;3363.15991;3364.34009
2025-06-05 05:35:00;3363.98;3365.18;3363.88;3364.78
2025-06-05 05:36:00;3364.88;3364.88;3363.13;3363.48
2025-06-05 05:37:00;3363.59;3363.67;3361.67;3362.84
2025-06-05 05:38:00;3363.01;3364.05;3362.95;3363.89
2025-06-05 05:39:00;3363.9;3364.46;3363.76;3364.21
2025-06-05 05:40:00;3363.93;3364.98;3363.81;3364.98
2025-06-05 05:41:00;3365.12012;3365.76001;3365.12012;3365.32007
2025-06-05 05:42:00;3365.18;3365.23;3364.28;3364.98
2025-06-05 05:43:00;3364.94995;3365.19995;3364.37988;3365.19995
2025-06-05 05:44:00;3365.11;3366.17;3365.11;3365.91
2025-06-05 05:45:00;3365.91;3366.36;3365.76;3365.78
2025-06-05 05:46:00;3365.92993;3366.030029;3365.10010;3365.10010
2025-06-05 05:47:00;3365.11;3365.34;3364.48;3364.58
2025-06-05 05:48:00;3364.44;3364.44;3363.47;3363.56
2025-06-05 05:49:00;3363.56;3364.54;3363.19;3363.21
2025-06-05 05:50:00;3363.13;3363.13;3362.27;3362.48
2025-06-05 05:51:00;3362.37;3363.06;3361.89;3362.73
2025-06-05 05:52:00;3362.55;3363.06;3362.19;3362.19
2025-06-05 05:53:00;3362.23;3362.57;3361.95;3362.05
2025-06-05 05:54:00;3361.65;3361.76;3361.38;3361.6
2025-06-05 05:55:00;3361.64;3362.55;3361.21;3362.43
2025-06-05 05:56:00;3362.3;3363.23;3362.3;3363.21
2025-06-05 05:57:00;3363.26;3363.85;3363.24;3363.54
2025-06-05 05:58:00;3363.48;3363.64;3363.07;3363.59
2025-06-05 05:59:00;3363.72998;3364.48999;3363.72998;3364.47998
2025-06-05 06:00:00;3364.35;3364.85;3364.23;3364.61
2025-06-05 06:01:00;3364.61;3364.61;3363.85;3364.2
2025-06-05 06:02:00;3364.34009;3365.38989;3364.32007;3364.69995
2025-06-05 06:03:00;3364.52;3365.04;3364.43;3364.59
2025-06-05 06:04:00;3364.46;3365.7;3364.46;3365.25
2025-06-05 06:05:00;3365.28;3366.09;3364.69;3365.91
2025-06-05 06:06:00;3366;3366.35;3365.88;3366.15
2025-06-05 06:07:00;3366.2;3367.48;3366.1;3367.36
2025-06-05 06:08:00;3367.42;3367.45;3365.9;3365.96
2025-06-05 06:09:00;3365.97;3366.17;3365.73;3366.17
2025-06-05 06:10:00;3366.11;3366.62;3365.55;3365.55
2025-06-05 06:11:00;3365.73999;3366.37012;3365.56006;3366.31006
2025-06-05 06:12:00;3366.16;3367.74;3366.16;3367.36
2025-06-05 06:13:00;3367.56;3367.56;3366.75;3367.39
2025-06-05 06:14:00;3367.3;3368.02;3366.93;3368.02
2025-06-05 06:15:00;3367.82;3367.82;3366.74;3366.76
2025-06-05 06:16:00;3366.67;3367.14;3366.58;3366.78
2025-06-05 06:17:00;3366.93994;3367.040039;3366.17993;3366.28003
2025-06-05 06:18:00;3366.1;3366.69;3366.1;3366.31
2025-06-05 06:19:00;3366.27;3367.19;3366.25;3367.18
2025-06-05 06:20:00;3367.2;3367.42;3366.53;3367.02
2025-06-05 06:21:00;3366.97;3366.99;3366.37;3366.85
2025-06-05 06:22:00;3366.94;3368.55;3366.94;3367.99
2025-06-05 06:23:00;3368.03;3368.03;3367.39;3367.61
2025-06-05 06:24:00;3367.46;3368.23;3367.25;3368.15
2025-06-05 06:25:00;3368.21;3368.83;3367.99;3368.04
2025-06-05 06:26:00;3368.04;3368.27;3367.04;3367.25
2025-06-05 06:27:00;3367.13;3367.27;3366.84;3367.27
2025-06-05 06:28:00;3367.43;3368.41;3367.22;3368.28
2025-06-05 06:29:00;3368.24;3368.64;3367.59;3368.64
2025-06-05 06:30:00;3368.88989;3369.71997;3368.64990;3369.37012
2025-06-05 06:31:00;3369.26;3369.91;3369.26;3369.91
2025-06-05 06:32:00;3369.9;3369.9;3368.24;3368.31
2025-06-05 06:33:00;3368.17;3368.72;3367.76;3367.93
2025-06-05 06:34:00;3367.85;3368;3366.85;3367.07
2025-06-05 06:35:00;3366.86;3367.44;3366.78;3367.17
2025-06-05 06:36:00;3367.31;3367.31;3366.4;3366.66
2025-06-05 06:37:00;3366.8;3367.04;3365.74;3365.94
2025-06-05 06:38:00;3365.87;3365.91;3365.14;3365.14
2025-06-05 06:39:00;3365.09;3365.25;3364.64;3364.66
2025-06-05 06:40:00;3364.86;3366.01;3364.44;3365.93
2025-06-05 06:41:00;3366.27;3366.34;3365.68;3366.34
2025-06-05 06:42:00;3366.33;3366.92;3366.07;3366.52
2025-06-05 06:43:00;3366.23;3366.23;3365.05;3365.16
2025-06-05 06:44:00;3365.32;3365.5;3364.67;3364.94
2025-06-05 06:45:00;3364.84;3365.23;3364.47;3365.18
2025-06-05 06:46:00;3365.1;3366.25;3365.1;3366.23
2025-06-05 06:47:00;3366.34009;3366.65991;3366.12012;3366.65991
2025-06-05 06:48:00;3366.67;3366.93;3366.01;3366.35
2025-06-05 06:49:00;3366.37;3366.85;3365.94;3366.83
2025-06-05 06:50:00;3366.84;3366.86;3366.45;3366.47
2025-06-05 06:51:00;3366.54;3366.98;3366.53;3366.77
2025-06-05 06:52:00;3366.7;3367.09;3366.45;3367.09
2025-06-05 06:53:00;3367.11;3367.27;3366.77;3367.24
2025-06-05 06:54:00;3367.2;3367.43;3367.05;3367.4
2025-06-05 06:55:00;3367.39;3367.4;3367;3367
2025-06-05 06:56:00;3366.73;3366.91;3366.72;3366.88
2025-06-05 06:57:00;3366.81;3367.23;3366.66;3366.71
2025-06-05 06:58:00;3366.86;3366.92;3365.78;3366
2025-06-05 06:59:00;3366.04;3366.28;3366;3366
2025-06-05 07:00:00;3365.57;3366.51;3365.25;3366.46
2025-06-05 07:01:00;3366.37;3366.42;3365.95;3366.35
2025-06-05 07:02:00;3366.44;3367.05;3366.44;3366.91
2025-06-05 07:03:00;3366.98;3368.14;3366.91;3367.97
2025-06-05 07:04:00;3367.82;3368.53;3367.75;3368.53
2025-06-05 07:05:00;3368.68;3369.32;3368.55;3369.18
2025-06-05 07:06:00;3369.31006;3369.79004;3369.16992;3369.76001
2025-06-05 07:07:00;3369.5;3369.82;3369.19;3369.5
2025-06-05 07:08:00;3369.51;3370.63;3369.51;3370.06
2025-06-05 07:09:00;3370.12;3371.34;3370.12;3371.04
2025-06-05 07:10:00;3371.19;3372.08;3371.19;3371.89
2025-06-05 07:11:00;3372.04;3372.6;3371.63;3372.41
2025-06-05 07:12:00;3372.48;3372.48;3371.42;3371.76
2025-06-05 07:13:00;3371.83;3372.02;3371.07;3371.33
2025-06-05 07:14:00;3371.41;3371.57;3371;3371.04
2025-06-05 07:15:00;3371.07;3371.78;3371;3371.7
2025-06-05 07:16:00;3371.7;3372.99;3371.6;3372.99
2025-06-05 07:17:00;3373.07;3373.9;3373.07;3373.54
2025-06-05 07:18:00;3373.61;3374.07;3373.41;3373.41
2025-06-05 07:19:00;3373.35;3373.72;3373.12;3373.22
2025-06-05 07:20:00;3373.15;3374;3372.7;3374
2025-06-05 07:21:00;3374.29;3374.33;3373.21;3373.91
2025-06-05 07:22:00;3374;3374;3373.2;3373.52
2025-06-05 07:23:00;3373.6;3373.74;3372.17;3372.9
2025-06-05 07:24:00;3372.9;3373.26;3372.26;3372.67
2025-06-05 07:25:00;3372.6;3372.67;3372.12;3372.14
2025-06-05 07:26:00;3372.29;3372.46;3371.8;3371.8
2025-06-05 07:27:00;3371.83;3372.43;3371.8;3372.06
2025-06-05 07:28:00;3371.81;3371.96;3371.43;3371.96
2025-06-05 07:29:00;3371.78;3372.46;3371.78;3372.28
2025-06-05 07:30:00;3372.34;3372.72;3372.17;3372.53
2025-06-05 07:31:00;3372.62;3373.61;3372.62;3373.36
2025-06-05 07:32:00;3373.36;3373.68;3372.74;3372.82
2025-06-05 07:33:00;3372.95;3373.34;3372.85;3373.34
2025-06-05 07:34:00;3373.29;3373.39;3372.89;3372.93
2025-06-05 07:35:00;3372.93;3373.16;3372.62;3372.62
2025-06-05 07:36:00;3372.69;3372.69;3372.29;3372.55
2025-06-05 07:37:00;3372.7;3372.7;3371.59;3371.68
2025-06-05 07:38:00;3371.67;3372.14;3371.45;3372.14
2025-06-05 07:39:00;3372.29;3372.36;3371.69;3371.69
2025-06-05 07:40:00;3371.5;3372.04;3371.5;3371.93
2025-06-05 07:41:00;3371.86;3372.2;3371.86;3371.93
2025-06-05 07:42:00;3371.77;3371.83;3371.1;3371.23
2025-06-05 07:43:00;3371.18;3371.43;3370.78;3371.1
2025-06-05 07:44:00;3371.19;3371.58;3371.11;3371.24
2025-06-05 07:45:00;3370.94;3370.94;3370.28;3370.28
2025-06-05 07:46:00;3370.29;3370.68;3370;3370.05
2025-06-05 07:47:00;3370;3370;3369.34;3369.51
2025-06-05 07:48:00;3369.48;3370.77;3369.21;3370.51
2025-06-05 07:49:00;3370.69;3371.21;3370.39;3370.63
2025-06-05 07:50:00;3370.81;3370.88;3370.3;3370.38
2025-06-05 07:51:00;3370.26;3370.47;3370.19;3370.3
2025-06-05 07:52:00;3370.23;3370.62;3370.23;3370.4
2025-06-05 07:53:00;3370.54004;3371.57007;3370.46997;3371.15991
2025-06-05 07:54:00;3370.91;3371.23;3370.91;3371.16
2025-06-05 07:55:00;3371.09;3371.16;3370.72;3370.73
2025-06-05 07:56:00;3370.74;3370.82;3370.2;3370.2
2025-06-05 07:57:00;3370.42;3370.74;3370.06;3370.1
2025-06-05 07:58:00;3369.98;3370.35;3369.7;3370.21
2025-06-05 07:59:00;3370.17;3371.3;3369.86;3371.13
2025-06-05 08:00:00;3371.33;3371.33;3370.25;3370.49
2025-06-05 08:01:00;3370.62;3370.69;3370.08;3370.24
2025-06-05 08:02:00;3370.18;3372.28;3369.67;3372.28
2025-06-05 08:03:00;3372.23;3372.94;3372.08;3372.94
2025-06-05 08:04:00;3373.08;3373.29;3371.87;3372.17
2025-06-05 08:05:00;3372.17;3372.25;3371.55;3372.05
2025-06-05 08:06:00;3372.12;3372.59;3371.68;3372.59
2025-06-05 08:07:00;3372.59;3372.8;3372.16;3372.67
2025-06-05 08:08:00;3372.61;3373.06;3372.57;3372.8
2025-06-05 08:09:00;3372.9;3373.09;3372.4;3372.56
2025-06-05 08:10:00;3372.65;3372.68;3371.4;3371.76
2025-06-05 08:11:00;3371.77;3372.12;3371.34;3371.71
2025-06-05 08:12:00;3371.78;3372.01;3370.8;3371.18
2025-06-05 08:13:00;3371.37988;3371.37988;3369.93994;3370.14990
2025-06-05 08:14:00;3370.1;3370.97;3370.06;3370.83
2025-06-05 08:15:00;3370.7;3371.4;3370.68;3370.96
2025-06-05 08:16:00;3370.96;3371.83;3370.78;3371.68
2025-06-05 08:17:00;3371.59;3372.36;3371.44;3371.89
2025-06-05 08:18:00;3371.98;3372.47;3371.76;3372.14
2025-06-05 08:19:00;3372.14;3372.64;3372.14;3372.59
2025-06-05 08:20:00;3372.83;3373.14;3372.75;3372.98
2025-06-05 08:21:00;3373.07;3373.08;3373;3373
2025-06-05 08:22:00;3372.22;3372.48;3372.21;3372.42
2025-06-05 08:23:00;3372.49;3373.47;3372.49;3373.14
2025-06-05 08:24:00;3373.21;3373.32;3373.07;3373.07
2025-06-05 08:25:00;3372.89;3372.89;3372.42;3372.74
2025-06-05 08:26:00;3372.64;3373.08;3372.63;3373.02
2025-06-05 08:27:00;3373.31;3373.31;3372.94;3372.99
2025-06-05 08:28:00;3372.89;3373;3372.24;3372.48
2025-06-05 08:29:00;3372.54;3373;3372.5;3373
2025-06-05 08:30:00;3373.17;3373.5;3373.06;3373.06
2025-06-05 08:31:00;3373.14;3374.1;3373;3374.03
2025-06-05 08:32:00;3374.11;3374.24;3372.33;3372.56
2025-06-05 08:33:00;3372.63;3372.76;3372.23;3372.49
2025-06-05 08:34:00;3372.48;3372.56;3372;3372.48
2025-06-05 08:35:00;3372.56;3372.97;3372.55;3372.76
2025-06-05 08:36:00;3372.83;3373.08;3372.65;3372.99
2025-06-05 08:37:00;3372.92;3373.38;3372.92;3373.37
2025-06-05 08:38:00;3373.3;3373.96;3373.27;3373.96
2025-06-05 08:39:00;3374.03;3374.26;3373.32;3373.4
2025-06-05 08:40:00;3373.63989;3374.13989;3373.62988;3374.13989
2025-06-05 08:41:00;3373.96;3373.98;3373.5;3373.55
2025-06-05 08:42:00;3373.71;3374.06;3373.55;3374.06
2025-06-05 08:43:00;3374.13;3375.02;3373.82;3374.82
2025-06-05 08:44:00;3375.030029;3375.88989;3374.82007;3375.38989
2025-06-05 08:45:00;3375.22;3375.67;3375.15;3375.29
2025-06-05 08:46:00;3375.39;3375.4;3374.48;3374.84
2025-06-05 08:47:00;3375;3375.3;3374.65;3374.83
2025-06-05 08:48:00;3374.9;3375.3;3374.51;3375.3
2025-06-05 08:49:00;3375.3;3375.45;3374.86;3374.91
2025-06-05 08:50:00;3374.88;3375.23;3374.8;3374.8
2025-06-05 08:51:00;3374.42;3375.04;3374.42;3374.54
2025-06-05 08:52:00;3374.49;3375.62;3374.49;3375.52
2025-06-05 08:53:00;3375.6;3376.17;3375.6;3376.17
2025-06-05 08:54:00;3376.1;3376.15;3375.88;3376
2025-06-05 08:55:00;3375.93;3376.43;3375.93;3376.26
2025-06-05 08:56:00;3376.34;3376.75;3375.5;3375.5
2025-06-05 08:57:00;3375.66992;3375.67993;3374.98999;3375.35010
2025-06-05 08:58:00;3375.02;3375.69;3374.99;3375.51
2025-06-05 08:59:00;3375.43;3375.57;3374.82;3375.16
2025-06-05 09:00:00;3375.29004;3377.32007;3375.12988;3377.26001
2025-06-05 09:01:00;3377.24;3377.53;3375.98;3376.47
2025-06-05 09:02:00;3376.74;3377.45;3376.68;3377.08
2025-06-05 09:03:00;3376.93;3377.64;3376.6;3377.54
2025-06-05 09:04:00;3377.62;3377.96;3375.41;3375.69
2025-06-05 09:05:00;3375.89;3375.89;3374;3374.39
2025-06-05 09:06:00;3374.51;3376.07;3374.5;3375.2
2025-06-05 09:07:00;3375.26;3375.69;3374.71;3375.01
2025-06-05 09:08:00;3375.04;3375.83;3375.03;3375.39
2025-06-05 09:09:00;3375.59009;3375.87012;3375.54004;3375.55005
2025-06-05 09:10:00;3375.46;3375.85;3375.33;3375.62
2025-06-05 09:11:00;3375.51;3377.34;3375.26;3377.34
2025-06-05 09:12:00;3377.36;3377.74;3377.12;3377.66
2025-06-05 09:13:00;3377.66;3378.39;3377.46;3378.39
2025-06-05 09:14:00;3378.46;3378.8;3378.08;3378.71
2025-06-05 09:15:00;3378.4;3379.42;3378.31;3378.91
2025-06-05 09:16:00;3379.04;3379.21;3377.63;3378.25
2025-06-05 09:17:00;3378.11;3379.5;3378.04;3379.1
2025-06-05 09:18:00;3379.24;3379.65;3378.97;3379.6
2025-06-05 09:19:00;3379.58;3379.74;3378.93;3379.25
2025-06-05 09:20:00;3379.55005;3381.92993;3379.51001;3381.92993
2025-06-05 09:21:00;3381.85010;3382.67993;3381.59009;3382.58008
2025-06-05 09:22:00;3382.23;3382.92;3382.01;3382.77
2025-06-05 09:23:00;3383;3384.69995;3382.98999;3384.53003
2025-06-05 09:24:00;3384.27;3384.5;3382.99;3383.25
2025-06-05 09:25:00;3383.46;3385.08;3383.01;3384.41
2025-06-05 09:26:00;3384.55;3384.89;3384.32;3384.38
2025-06-05 09:27:00;3384.36;3385.02;3383.28;3383.28
2025-06-05 09:28:00;3383.55005;3386.29004;3382.41992;3386.23999
2025-06-05 09:29:00;3386.01;3388.06;3385.95;3387.79
2025-06-05 09:30:00;3387.81;3389.73;3385.94;3385.94
2025-06-05 09:31:00;3386.41;3386.41;3385.07;3386.03
2025-06-05 09:32:00;3386.46;3387.16;3384.5;3384.5
2025-06-05 09:33:00;3384.48;3385.14;3382.34;3382.34
2025-06-05 09:34:00;3382;3384.39;3382;3384.15
2025-06-05 09:35:00;3384.08;3386.26;3384.08;3386.04
2025-06-05 09:36:00;3385.86;3386.32;3383.87;3383.87
2025-06-05 09:37:00;3383.85;3384.69;3383;3384.41
2025-06-05 09:38:00;3384.57;3386.44;3384.57;3385.83
2025-06-05 09:39:00;3385.89;3386.35;3383.87;3383.87
2025-06-05 09:40:00;3384.1;3386.22;3384.09;3385.96
2025-06-05 09:41:00;3386.03;3386.24;3384.85;3385.32
2025-06-05 09:42:00;3385.42;3385.66;3384.49;3384.49
2025-06-05 09:43:00;3384.5;3384.89;3383.99;3384.15
2025-06-05 09:44:00;3384.14;3386.05;3384.04;3385.21
2025-06-05 09:45:00;3385.43;3385.74;3384.63;3385.64
2025-06-05 09:46:00;3385.72;3386.04;3384.59;3385.83
2025-06-05 09:47:00;3385.87;3386.62;3385.48;3386.62
2025-06-05 09:48:00;3386.56;3387.2;3386.4;3387.12
2025-06-05 09:49:00;3387.2;3387.53;3386.53;3387.53
2025-06-05 09:50:00;3387.76;3389.22;3387.5;3388.53
2025-06-05 09:51:00;3388.51;3388.89;3387.38;3388
2025-06-05 09:52:00;3388.07;3388.19;3386.78;3387.34
2025-06-05 09:53:00;3387.62988;3389.52002;3386.94995;3389.52002
2025-06-05 09:54:00;3389.25;3389.83;3389.12;3389.83
2025-06-05 09:55:00;3389.32007;3389.87988;3389.32007;3389.75
2025-06-05 09:56:00;3389.6;3390.1;3388.27;3389.29
2025-06-05 09:57:00;3389.28;3390.32;3389.28;3390.21
2025-06-05 09:58:00;3390.2;3391.16;3390;3390.66
2025-06-05 09:59:00;3390.39;3390.43;3389.46;3389.61
2025-06-05 10:00:00;3389.36;3389.84;3388.23;3389.27
2025-06-05 10:01:00;3389.32;3389.69;3388.76;3389.25
2025-06-05 10:02:00;3389.19;3390.48;3388.44;3390.26
2025-06-05 10:03:00;3390.18;3390.69;3389.62;3389.97
2025-06-05 10:04:00;3389.87;3390.57;3389.87;3390.27
2025-06-05 10:05:00;3390.26;3393.79;3390.18;3392.89
2025-06-05 10:06:00;3393.03;3393.65;3392.89;3392.96
2025-06-05 10:07:00;3393.11;3393.11;3391.67;3392
2025-06-05 10:08:00;3392.11;3392.37;3391.5;3392.37
2025-06-05 10:09:00;3392.22;3392.76;3392.1;3392.52
2025-06-05 10:10:00;3392.57;3393.48;3392.12;3392.23
2025-06-05 10:11:00;3392.45;3393.41;3392.3;3393.27
2025-06-05 10:12:00;3393.37;3393.38;3392.54;3392.78
2025-06-05 10:13:00;3392.63;3392.78;3391.54;3391.54
2025-06-05 10:14:00;3391.47;3391.54;3390.24;3391.14
2025-06-05 10:15:00;3391.07;3392.18;3391.07;3391.94
2025-06-05 10:16:00;3392.14990;3394.20996;3391.85010;3393.040039
2025-06-05 10:17:00;3392.81;3392.81;3391.48;3391.76
2025-06-05 10:18:00;3391.89;3392.38;3391.78;3391.78
2025-06-05 10:19:00;3391.85;3392.13;3391.24;3391.26
2025-06-05 10:20:00;3391.34;3391.48;3390.48;3390.92
2025-06-05 10:21:00;3391;3391;3390.34;3390.54
2025-06-05 10:22:00;3390.55;3391.79;3390.43;3391.79
2025-06-05 10:23:00;3391.93;3392.23;3391.65;3392.23
2025-06-05 10:24:00;3392.2;3392.49;3391.71;3391.99
2025-06-05 10:25:00;3392.08;3393.07;3392.08;3393.05
2025-06-05 10:26:00;3393;3394.66;3392.82;3394.55
2025-06-05 10:27:00;3394.65;3395.52;3394.59;3395.46
2025-06-05 10:28:00;3395.82;3395.82;3394.44;3394.88
2025-06-05 10:29:00;3395.07;3395.81;3394.99;3395.26
2025-06-05 10:30:00;3395.55;3396.12;3395.15;3395.56
2025-06-05 10:31:00;3395.53;3398.25;3395.29;3398.25
2025-06-05 10:32:00;3398.39;3398.39;3394.94;3395.17
2025-06-05 10:33:00;3394.86;3395.46;3394.37;3394.98
2025-06-05 10:34:00;3394.91;3395.07;3394.61;3394.79
2025-06-05 10:35:00;3394.73;3394.99;3394;3394.39
2025-06-05 10:36:00;3393.56;3394.38;3393.34;3393.65
2025-06-05 10:37:00;3394.27;3395.8;3394.21;3395.48
2025-06-05 10:38:00;3395.6;3397.32;3395.56;3396.69
2025-06-05 10:39:00;3396.90991;3397.080078;3396.32007;3396.44995
2025-06-05 10:40:00;3396.48;3396.48;3395.5;3395.5
2025-06-05 10:41:00;3395.54;3397.33;3395.03;3397.33
2025-06-05 10:42:00;3397.16;3398.14;3396.66;3398.14
2025-06-05 10:43:00;3397.82;3398.23;3397.54;3397.62
2025-06-05 10:44:00;3397.8;3398.41;3397.13;3398.22
2025-06-05 10:45:00;3398.33;3399.53;3398.12;3399.45
2025-06-05 10:46:00;3399.25;3399.5;3398.03;3398.27
2025-06-05 10:47:00;3398.57007;3398.73999;3397.47998;3398.67993
2025-06-05 10:48:00;3398.58;3398.83;3397.55;3397.83
2025-06-05 10:49:00;3397.71;3397.78;3396.9;3397.28
2025-06-05 10:50:00;3397.35;3399.62;3396.74;3399.3
2025-06-05 10:51:00;3397.37988;3397.45996;3396.13989;3396.13989
2025-06-05 10:52:00;3396.32;3397.04;3395.98;3396
2025-06-05 10:53:00;3396.37;3397.55;3396.15;3397.55
2025-06-05 10:54:00;3397.57;3398.21;3397.57;3398.21
2025-06-05 10:55:00;3398.36;3398.51;3398.12;3398.32
2025-06-05 10:56:00;3398.38;3399.34;3398.38;3399.07
2025-06-05 10:57:00;3399.17;3400.25;3398.91;3398.99
2025-06-05 10:58:00;3398.83;3399.94;3398.44;3399.62
2025-06-05 10:59:00;3399.63;3400.41;3399.06;3399.87
2025-06-05 11:00:00;3399.49;3399.7;3398.5;3399.6
2025-06-05 11:01:00;3399.72;3400.24;3399.12;3399.68
2025-06-05 11:02:00;3399.75;3399.97;3399.33;3399.56
2025-06-05 11:03:00;3399.44;3400.42;3399.31;3400.22
2025-06-05 11:04:00;3400.36;3400.42;3399.88;3400.29
2025-06-05 11:05:00;3400.39;3402.02;3400.02;3401.04
2025-06-05 11:06:00;3401.29;3401.97;3400.9;3401.74
2025-06-05 11:07:00;3401.75;3402.41;3401.59;3401.93
2025-06-05 11:08:00;3401.86;3402.03;3401.8;3401.8
2025-06-05 11:09:00;3401.8;3402.35;3401.8;3401.8
2025-06-05 11:10:00;3401.87;3402.05;3401.21;3401.31
2025-06-05 11:11:00;3401.40991;3401.67993;3399.75;3401.16992
2025-06-05 11:12:00;3401.03;3401.36;3400.29;3400.49
2025-06-05 11:13:00;3400.82;3401.94;3400.82;3401.91
2025-06-05 11:14:00;3401.76;3402.67;3401.65;3402.54
2025-06-05 11:15:00;3402.68;3403.33;3400.45;3401.32
2025-06-05 11:16:00;3401.31;3402;3400.64;3400.85
2025-06-05 11:17:00;3400.8;3402.33;3400.8;3402.05
2025-06-05 11:18:00;3402.22;3402.36;3400.92;3400.92
2025-06-05 11:19:00;3400.46;3400.6;3398.5;3398.56
2025-06-05 11:20:00;3398.73;3398.96;3396.8;3397.23
2025-06-05 11:21:00;3397.31;3398.79;3397.31;3398.26
2025-06-05 11:22:00;3398.09;3398.46;3397.19;3397.19
2025-06-05 11:23:00;3396.87;3397.03;3396;3396.97
2025-06-05 11:24:00;3397.08;3398.89;3396.83;3398.89
2025-06-05 11:25:00;3398.88;3399.68;3398.08;3398.08
2025-06-05 11:26:00;3398.1;3398.65;3396.29;3396.29
2025-06-05 11:27:00;3396.44;3396.75;3395.6;3396.35
2025-06-05 11:28:00;3396.38;3396.84;3396.08;3396.08
2025-06-05 11:29:00;3395.5;3395.63;3395;3395.22
2025-06-05 11:30:00;3395.32;3397.16;3395.32;3396.52
2025-06-05 11:31:00;3396.22;3397.15;3396.08;3396.5
2025-06-05 11:32:00;3396.74;3396.74;3395.06;3396
2025-06-05 11:33:00;3396;3396.32;3395.25;3395.54
2025-06-05 11:34:00;3395.52;3395.59;3394.03;3395.39
2025-06-05 11:35:00;3395.4;3395.78;3394.9;3395.43
2025-06-05 11:36:00;3395.62;3396.04;3394.91;3395.14
2025-06-05 11:37:00;3395.45;3396.54;3394.03;3394.15
2025-06-05 11:38:00;3394.14;3396;3394.14;3394.98
2025-06-05 11:39:00;3395.06;3395.2;3392.44;3392.69
2025-06-05 11:40:00;3392.84;3393.17;3392.44;3392.79
2025-06-05 11:41:00;3392.95;3394.07;3392.5;3394.07
2025-06-05 11:42:00;3394.18;3394.18;3392.86;3393.4
2025-06-05 11:43:00;3393.3;3394.19;3393.01;3394.07
2025-06-05 11:44:00;3394.12;3394.84;3393.91;3394.79
2025-06-05 11:45:00;3394.94;3395.81;3394.71;3395.81
2025-06-05 11:46:00;3395.71;3395.71;3395;3395.57
2025-06-05 11:47:00;3395.65;3395.85;3395.06;3395.28
2025-06-05 11:48:00;3395.24;3395.35;3394;3394.08
2025-06-05 11:49:00;3394.14;3394.87;3394.14;3394.44
2025-06-05 11:50:00;3394.57;3395.06;3394.34;3395.06
2025-06-05 11:51:00;3395.17993;3395.19995;3393.51001;3393.51001
2025-06-05 11:52:00;3393.01;3393.03;3392.35;3392.77
2025-06-05 11:53:00;3392.5;3392.66;3391.65;3392.56
2025-06-05 11:54:00;3392.34;3394.26;3392.34;3393.26
2025-06-05 11:55:00;3393.33;3394.12;3393.12;3393.39
2025-06-05 11:56:00;3393.33;3393.45;3392.61;3392.99
2025-06-05 11:57:00;3393.27;3394.16;3392.05;3393.12
2025-06-05 11:58:00;3392.84;3392.94;3392.17;3392.62
2025-06-05 11:59:00;3392.76;3392.76;3391.88;3392.19
2025-06-05 12:00:00;3392.43;3394.28;3392.07;3394.28
2025-06-05 12:01:00;3394.18;3395.48;3394.18;3394.77
2025-06-05 12:02:00;3394.55;3395.11;3394.38;3394.95
2025-06-05 12:03:00;3394.85;3395.07;3393.83;3394
2025-06-05 12:04:00;3394.01;3394.49;3393.58;3394.29
2025-06-05 12:05:00;3394.25;3395.44;3394.08;3395.3
2025-06-05 12:06:00;3395.23;3395.73;3394.04;3395.73
2025-06-05 12:07:00;3395.8;3395.89;3394.93;3395.13
2025-06-05 12:08:00;3395.2;3395.48;3394.93;3395.14
2025-06-05 12:09:00;3395.09;3395.36;3394.83;3395.24
2025-06-05 12:10:00;3395.43;3395.43;3393.6;3393.88
2025-06-05 12:11:00;3394.07;3395.2;3394.07;3394.65
2025-06-05 12:12:00;3394.76;3395.03;3394.76;3394.86
2025-06-05 12:13:00;3394.86;3395.05;3394.32;3394.73
2025-06-05 12:14:00;3394.75;3395.73;3394.75;3395.73
2025-06-05 12:15:00;3395.86;3396.43;3393.26;3393.65
2025-06-05 12:16:00;3393.57;3395.62;3393.57;3395.59
2025-06-05 12:17:00;3395.85010;3396.20996;3395.46997;3395.98999
2025-06-05 12:18:00;3395.97;3396.75;3395.9;3396.75
2025-06-05 12:19:00;3396.68;3396.75;3394.53;3394.66
2025-06-05 12:20:00;3394.73;3395.18;3389.56;3391.39
2025-06-05 12:21:00;3391.45;3394.88;3391.45;3394.88
2025-06-05 12:22:00;3394.88;3394.88;3392.97;3394.53
2025-06-05 12:23:00;3396.6;3396.6;3396.6;3396.6
2025-06-05 12:24:00;3395.1;3395.1;3395.1;3395.1
2025-06-05 12:25:00;3393.96;3394.13;3393.68;3394.02
2025-06-05 12:26:00;3394.6;3396.3;3394.6;3396.1
2025-06-05 12:27:00;3394.44;3394.57;3393.71;3393.84
2025-06-05 12:28:00;3393.99;3395.08;3393.31;3393.41
2025-06-05 12:29:00;3393.64990;3395.12012;3393.64990;3394.88989
2025-06-05 12:30:00;3395.49;3397.71;3394.53;3397.19
2025-06-05 12:31:00;3397.15;3399.89;3397;3398.77
2025-06-05 12:32:00;3398.77;3398.77;3397.44;3398.52
2025-06-05 12:33:00;3398.46;3399.28;3397.7;3398.21
2025-06-05 12:34:00;3398.2;3398.88;3397.43;3398.8
2025-06-05 12:35:00;3398.77;3399.34;3396.94;3396.94
2025-06-05 12:36:00;3396.95;3396.95;3393.89;3394.29
2025-06-05 12:37:00;3394.28;3394.52;3393.04;3393.04
2025-06-05 12:38:00;3393.28;3394.44;3392.18;3392.18
2025-06-05 12:39:00;3392.53;3392.76;3390.34;3392.64
2025-06-05 12:40:00;3392.65;3393.61;3391.44;3393.45
2025-06-05 12:41:00;3394.13;3394.4;3392.94;3393.35
2025-06-05 12:42:00;3393.16;3394.28;3392.92;3394.15
2025-06-05 12:43:00;3394.1;3395.45;3393.89;3394
2025-06-05 12:44:00;3393.53;3394.38;3393.01;3393.88
2025-06-05 12:45:00;3394.16992;3395.51001;3394.090088;3394.71997
2025-06-05 12:46:00;3394.58;3394.65;3393.68;3393.7
2025-06-05 12:47:00;3393.66;3393.73;3391.11;3392.05
2025-06-05 12:48:00;3392.48999;3392.48999;3390.65991;3390.71997
2025-06-05 12:49:00;3390.56;3390.8;3381;3383.99
2025-06-05 12:50:00;3382.51;3382.51;3378.01;3381.09
2025-06-05 12:51:00;3381.32;3382.37;3377.76;3377.95
2025-06-05 12:52:00;3378.36;3379.72;3377.95;3379.57
2025-06-05 12:53:00;3379.93;3384.26;3379.72;3381.08
2025-06-05 12:54:00;3380.79;3383.19;3380.6;3380.71
2025-06-05 12:55:00;3380.72;3382.4;3379.47;3381.28
2025-06-05 12:56:00;3381.21;3383.04;3380.17;3380.18
2025-06-05 12:57:00;3380.4;3381.73;3379.13;3381.11
2025-06-05 12:58:00;3381;3383.45;3380.93;3382.79
2025-06-05 12:59:00;3382.7;3383.59;3382.4;3382.8
2025-06-05 13:00:00;3383.21;3383.62;3377.94;3379.34
2025-06-05 13:01:00;3379.32;3380.09;3375.25;3376.99
2025-06-05 13:02:00;3376.89;3377.22;3372.15;3374.17
2025-06-05 13:03:00;3375.58;3376.4;3373.94;3374.21
2025-06-05 13:04:00;3374.71;3375.83;3373.79;3374.66
2025-06-05 13:05:00;3374.76;3376.37;3371.14;3376.37
2025-06-05 13:06:00;3376.3;3377.59;3373.64;3373.64
2025-06-05 13:07:00;3373.5;3375.4;3371.71;3373.99
2025-06-05 13:08:00;3374.69995;3377.47998;3374.31006;3377.090088
2025-06-05 13:09:00;3376.88;3379.24;3376.57;3379.14
2025-06-05 13:10:00;3379.32007;3381.42993;3378.38989;3381.42993
2025-06-05 13:11:00;3380.88;3382.38;3380.48;3382.21
2025-06-05 13:12:00;3381.7;3384.1;3381.55;3382.18
2025-06-05 13:13:00;3382.33;3382.97;3381.48;3382.04
2025-06-05 13:14:00;3382.19;3382.53;3380.24;3381.46
2025-06-05 13:15:00;3381.46;3381.46;3378.23;3378.51
2025-06-05 13:16:00;3379.02;3380.86;3377.69;3380.83
2025-06-05 13:17:00;3381.11011;3382.67993;3379.35010;3379.63989
2025-06-05 13:18:00;3379.75;3381.77;3379.75;3381.22
2025-06-05 13:19:00;3381.31006;3383.26001;3381.31006;3382.51001
2025-06-05 13:20:00;3382.5;3384.86;3382.05;3384.86
2025-06-05 13:21:00;3384.86;3385.11;3383.4;3383.63
2025-06-05 13:22:00;3383.96997;3384.81006;3383.21997;3384.35010
2025-06-05 13:23:00;3383.77;3384.51;3382.26;3382.26
2025-06-05 13:24:00;3382.13;3382.55;3379.52;3379.89
2025-06-05 13:25:00;3379.55;3379.55;3377.45;3377.93
2025-06-05 13:26:00;3377.81;3380.85;3377.81;3379.32
2025-06-05 13:27:00;3379.45;3380.96;3379.18;3379.66
2025-06-05 13:28:00;3379.84;3379.84;3377.79;3378.1
2025-06-05 13:29:00;3378.52;3380.95;3378.52;3378.73
2025-06-05 13:30:00;3378.78;3381.02;3378.42;3378.84
2025-06-05 13:31:00;3378.7;3380.69;3377.82;3378.55
2025-06-05 13:32:00;3378.93994;3381.37012;3378.93994;3380.82007
2025-06-05 13:33:00;3380.88989;3384.91992;3380.46997;3384.39990
2025-06-05 13:34:00;3384.55;3384.79;3383.16;3383.83
2025-06-05 13:35:00;3384.07;3385.72;3383.2;3385.72
2025-06-05 13:36:00;3385.69;3386.98;3384.54;3385.53
2025-06-05 13:37:00;3385.94995;3386.21997;3382.33008;3382.45996
2025-06-05 13:38:00;3381.76;3384.54;3381.41;3384.22
2025-06-05 13:39:00;3384.6;3387.83;3384.6;3387.23
2025-06-05 13:40:00;3387.52;3388.18;3386.82;3387.09
2025-06-05 13:41:00;3386.75;3387.52;3385.13;3386.29
2025-06-05 13:42:00;3386.04;3387.69;3385.76;3386.46
2025-06-05 13:43:00;3386.66;3387.52;3386.36;3386.49
2025-06-05 13:44:00;3386.83;3386.83;3383.17;3384.77
2025-06-05 13:45:00;3384.68;3384.94;3380.48;3382.2
2025-06-05 13:46:00;3382.39;3383.59;3381.63;3383.42
2025-06-05 13:47:00;3383.53;3384.45;3380.35;3382.1
2025-06-05 13:48:00;3383.19;3383.42;3381.35;3382.55
2025-06-05 13:49:00;3381.69;3381.69;3378.25;3378.59
2025-06-05 13:50:00;3378.19;3378.4;3375.99;3377.46
2025-06-05 13:51:00;3377.43;3380.18;3377.43;3379.47
2025-06-05 13:52:00;3379.21;3380.82;3378.1;3380.08
2025-06-05 13:53:00;3380.34;3380.53;3378.93;3380.18
2025-06-05 13:54:00;3380.32;3381.05;3379;3379
2025-06-05 13:55:00;3378.13;3380.51;3377.32;3380.2
2025-06-05 13:56:00;3380.17;3381.38;3378.29;3378.85
2025-06-05 13:57:00;3378.94;3379.55;3377.81;3378.84
2025-06-05 13:58:00;3378.93;3381.01;3378.59;3378.77
2025-06-05 13:59:00;3378.96;3379.62;3377.75;3378
2025-06-05 14:00:00;3377.52;3378.12;3375.57;3375.57
2025-06-05 14:01:00;3375.57;3376.14;3374.51;3374.51
2025-06-05 14:02:00;3374.33;3376.99;3374.14;3376.34
2025-06-05 14:03:00;3376.27;3377.81;3375.8;3375.82
2025-06-05 14:04:00;3375.49;3376.05;3374.24;3374.31
2025-06-05 14:05:00;3374.08;3374.08;3368.23;3368.23
2025-06-05 14:06:00;3367.52;3370.68;3367.52;3370.54
2025-06-05 14:07:00;3370.27;3372.78;3370.27;3372.78
2025-06-05 14:08:00;3372.79;3374.54;3372.3;3374.54
2025-06-05 14:09:00;3374.66;3376.21;3374.18;3376.16
2025-06-05 14:10:00;3376.57;3377.61;3374.8;3375.14
2025-06-05 14:11:00;3375.16;3376.59;3373.64;3376.59
2025-06-05 14:12:00;3376.52;3377.36;3374.83;3376.43
2025-06-05 14:13:00;3376.44;3376.44;3374.9;3375.09
2025-06-05 14:14:00;3380;3380.6;3380;3380.2
2025-06-05 14:15:00;3374.77;3377.74;3374.31;3377.3
2025-06-05 14:16:00;3377.43;3377.92;3376.14;3377.83
2025-06-05 14:17:00;3377.89;3380.46;3377.55;3380.01
2025-06-05 14:18:00;3380.01;3380.72;3379.51;3379.86
2025-06-05 14:19:00;3379.85;3380.86;3379.27;3380.12
2025-06-05 14:20:00;3380.11011;3380.56006;3379.11011;3379.11011
2025-06-05 14:21:00;3378.6;3379.41;3377.4;3378.24
2025-06-05 14:22:00;3378.25;3378.25;3374.02;3374.16
2025-06-05 14:23:00;3373.76;3376.04;3373.76;3375.8
2025-06-05 14:24:00;3375.74;3378.06;3375.58;3377.76
2025-06-05 14:25:00;3377.69;3377.8;3375.79;3377.8
2025-06-05 14:26:00;3377.89990;3378.71997;3377.76001;3378.13989
2025-06-05 14:27:00;3377.61011;3379.13989;3377.46997;3379.10010
2025-06-05 14:28:00;3378.61;3378.66;3377.95;3378.29
2025-06-05 14:29:00;3378.24;3378.56;3375.3;3375.37
2025-06-05 14:30:00;3375.36;3377.32;3375.31;3377.16
2025-06-05 14:31:00;3377.05;3379.12;3376.68;3378.56
2025-06-05 14:32:00;3378.9;3380.38;3378.09;3380.21
2025-06-05 14:33:00;3380.64;3382.67;3380.64;3382.47
2025-06-05 14:34:00;3382.51;3383.05;3380.52;3380.53
2025-06-05 14:35:00;3380.45;3382.65;3379.13;3382.44
2025-06-05 14:36:00;3382.58;3382.58;3379.2;3380.18
2025-06-05 14:37:00;3380.02;3382.25;3378.23;3378.33
2025-06-05 14:38:00;3377.99;3378.3;3376.87;3377.29
2025-06-05 14:39:00;3377.18;3380.61;3377.18;3380.45
2025-06-05 14:40:00;3380.67;3382.9;3380.52;3382.16
2025-06-05 14:41:00;3382.5;3382.5;3373.45;3374.44
2025-06-05 14:42:00;3373.94;3375.73;3369.3;3375.26
2025-06-05 14:43:00;3375.89990;3377.010010;3374.96997;3375.90991
2025-06-05 14:44:00;3376.46997;3376.97998;3373.98999;3374.40991
2025-06-05 14:45:00;3373.47;3374.85;3372.79;3372.8
2025-06-05 14:46:00;3372.76;3372.76;3369.16;3371.87
2025-06-05 14:47:00;3371.53;3372.6;3369;3369
2025-06-05 14:48:00;3369.06;3369.6;3365.07;3365.07
2025-06-05 14:49:00;3366.49;3369.11;3364.76;3366.89
2025-06-05 14:50:00;3366.92;3368.95;3366.17;3368.83
2025-06-05 14:51:00;3368.7;3369.96;3368.56;3369.88
2025-06-05 14:52:00;3370.07;3371.88;3368.92;3370.02
2025-06-05 14:53:00;3370.33;3370.33;3367.5;3367.94
2025-06-05 14:54:00;3368.1;3368.6;3366.75;3368.22
2025-06-05 14:55:00;3367.77;3369.05;3367.44;3368.11
2025-06-05 14:56:00;3367.84;3369.38;3366.48;3367.62
2025-06-05 14:57:00;3367.89;3368.98;3367.06;3367.37
2025-06-05 14:58:00;3367.67;3367.67;3364;3364.35
2025-06-05 14:59:00;3364.25;3367.64;3364.25;3367.64
2025-06-05 15:00:00;3367.71997;3369.43994;3366.56006;3368.93994
2025-06-05 15:01:00;3368.89;3369.22;3368.34;3368.36
2025-06-05 15:02:00;3368.26;3370.58;3368.21;3369.71
2025-06-05 15:03:00;3369.52;3369.52;3367.94;3368
2025-06-05 15:04:00;3368.020020;3369.30005;3367.75;3369.060059
2025-06-05 15:05:00;3368.81;3370.49;3366.3;3366.3
2025-06-05 15:06:00;3366.47;3370.16;3365.57;3369.8
2025-06-05 15:07:00;3370.3;3370.48;3368.52;3368.87
2025-06-05 15:08:00;3368.88;3370.4;3368.24;3370.4
2025-06-05 15:09:00;3370.58;3371.52;3369.75;3370.7
2025-06-05 15:10:00;3370.73999;3372.83008;3370.52002;3372.12012
2025-06-05 15:11:00;3371.61;3372.4;3370.72;3371.84
2025-06-05 15:12:00;3371.42;3373.01;3370.8;3370.8
2025-06-05 15:13:00;3370.8;3371.58;3370.25;3370.25
2025-06-05 15:14:00;3369.52;3369.52;3366.25;3367.37
2025-06-05 15:15:00;3367.46;3367.46;3362.16;3362.29
2025-06-05 15:16:00;3362.21;3363.59;3361.13;3361.62
2025-06-05 15:17:00;3362.09;3362.86;3361.13;3361.74
2025-06-05 15:18:00;3361.86;3364.02;3361.13;3363.53
2025-06-05 15:19:00;3363.6;3364.72;3362.85;3364.72
2025-06-05 15:20:00;3364.73;3365.4;3361.8;3361.8
2025-06-05 15:21:00;3361.61;3363.18;3360.9;3362.72
2025-06-05 15:22:00;3362.6;3365.02;3362.6;3365.02
2025-06-05 15:23:00;3370.8;3371.4;3370.3;3371.4
2025-06-05 15:24:00;3364.63;3365.71;3363.76;3363.88
2025-06-05 15:25:00;3363.91;3366.85;3363.89;3366.65
2025-06-05 15:26:00;3372.3;3372.3;3372;3372.1
2025-06-05 15:27:00;3366.2;3366.2;3364.4;3365.63
2025-06-05 15:28:00;3365.85;3366.28;3364.05;3364.1
2025-06-05 15:29:00;3364.16;3364.16;3362;3362.31
2025-06-05 15:30:00;3362.04;3362.84;3361.37;3361.68
2025-06-05 15:31:00;3361.69;3361.69;3358.6;3358.6
2025-06-05 15:32:00;3358;3358.45;3355.56;3356.54
2025-06-05 15:33:00;3356.26;3356.88;3353.99;3353.99
2025-06-05 15:34:00;3353.45996;3355.15991;3353.080078;3355.15991
2025-06-05 15:35:00;3355.86;3356.49;3352.96;3356.29
2025-06-05 15:36:00;3356.69;3356.69;3353.35;3354.85
2025-06-05 15:37:00;3354.73;3355.26;3352.65;3353.15
2025-06-05 15:38:00;3352.99;3353.93;3351.83;3353.74
2025-06-05 15:39:00;3353.94995;3354.44995;3350.35010;3352.52002
2025-06-05 15:40:00;3351.59;3351.59;3349.08;3351.21
2025-06-05 15:41:00;3351.48;3352.92;3350.37;3350.37
2025-06-05 15:42:00;3350.39;3350.39;3348.47;3349.68
2025-06-05 15:43:00;3350.090088;3351.47998;3349.95996;3349.95996
2025-06-05 15:44:00;3349.78;3351.04;3348.57;3350.54
2025-06-05 15:45:00;3350.4;3350.55;3347.86;3348.07
2025-06-05 15:46:00;3348.03;3348.7;3345.27;3345.46
2025-06-05 15:47:00;3345.68;3348.48;3343.39;3343.39
2025-06-05 15:48:00;3343.9;3346.5;3342.34;3346.5
2025-06-05 15:49:00;3346.8;3348.97;3346.32;3348.97
2025-06-05 15:50:00;3349.28;3349.5;3345.7;3346.34
2025-06-05 15:51:00;3346.37;3347.03;3343.5;3345.12
2025-06-05 15:52:00;3345.35;3345.95;3344.56;3345.54
2025-06-05 15:53:00;3345.67993;3346.62012;3344.94995;3346.090088
2025-06-05 15:54:00;3345.47;3345.49;3340;3341.35
2025-06-05 15:55:00;3341.38;3343.8;3341.08;3342.56
2025-06-05 15:56:00;3342.2;3342.61;3339.5;3341.64
2025-06-05 15:57:00;3341.92;3343.25;3341.64;3342.66
2025-06-05 15:58:00;3342.8;3345.28;3342.8;3345.28
2025-06-05 15:59:00;3345.43;3345.96;3344.43;3344.65
2025-06-05 16:00:00;3344.23;3344.57;3342.01;3342.72
2025-06-05 16:01:00;3342.39;3343.92;3340.04;3340.83
2025-06-05 16:02:00;3341.03;3342.78;3340.04;3342.3
2025-06-05 16:03:00;3342.62988;3345.26001;3342.62988;3344.79004
2025-06-05 16:04:00;3344.63;3344.97;3343.72;3344.83
2025-06-05 16:05:00;3345.35010;3345.35010;3341.77002;3341.77002
2025-06-05 16:06:00;3341.19;3342.94;3340.3;3342.67
2025-06-05 16:07:00;3342.76;3345.42;3342.76;3344.89
2025-06-05 16:08:00;3344.87;3345.72;3344.41;3345.72
2025-06-05 16:09:00;3345.25;3346.31;3344.81;3345.72
2025-06-05 16:10:00;3345.62;3346.42;3344.84;3346.31
2025-06-05 16:11:00;3346.25;3348.49;3346.25;3348.49
2025-06-05 16:12:00;3348.21;3349.53;3347.64;3349.53
2025-06-05 16:13:00;3349.92993;3350.32007;3349.68994;3350.11011
2025-06-05 16:14:00;3349.57;3350.05;3349.04;3350.05
2025-06-05 16:15:00;3350.21;3350.54;3349.2;3349.83
2025-06-05 16:16:00;3349.76;3350.92;3348.82;3350.92
2025-06-05 16:17:00;3350.88;3351.69;3349.6;3350.43
2025-06-05 16:18:00;3350.78;3350.88;3349.53;3349.56
2025-06-05 16:19:00;3349.45;3350.14;3348.93;3349.92
2025-06-05 16:20:00;3350.12;3350.53;3348.88;3349.43
2025-06-05 16:21:00;3349.26;3350.26;3349;3349.78
2025-06-05 16:22:00;3349.31;3349.85;3348.45;3349.71
2025-06-05 16:23:00;3349.79;3349.8;3348.45;3348.85
2025-06-05 16:24:00;3348.62;3349.42;3347.71;3348.18
2025-06-05 16:25:00;3348.17;3349.87;3347.98;3348.6
2025-06-05 16:26:00;3348.66;3348.68;3347.36;3347.86
2025-06-05 16:27:00;3348.18994;3349.16992;3348.18994;3348.78003
2025-06-05 16:28:00;3348.63;3348.84;3347.83;3348.38
2025-06-05 16:29:00;3348.66992;3348.78003;3347.33008;3348.020020
2025-06-05 16:30:00;3348.15991;3348.87988;3347.62988;3348.87988
2025-06-05 16:31:00;3348.6;3349.5;3348.5;3348.76
2025-06-05 16:32:00;3348.92;3349.33;3348.1;3348.73
2025-06-05 16:33:00;3348.94;3349.54;3348.46;3349.17
2025-06-05 16:34:00;3349.25;3349.32007;3348.35010;3348.61011
2025-06-05 16:35:00;3348.6;3349.95;3348.31;3349.67
2025-06-05 16:36:00;3349.57;3349.57;3347.67;3348.09
2025-06-05 16:37:00;3347.98;3348.04;3347.33;3347.9
2025-06-05 16:38:00;3347.68;3349.32;3347.47;3349.32
2025-06-05 16:39:00;3349.52;3350.53;3349.4;3350.03
2025-06-05 16:40:00;3350.03;3350.8;3349.55;3349.96
2025-06-05 16:41:00;3349.78;3350.1;3349.39;3349.87
2025-06-05 16:42:00;3349.87;3350.38;3349.87;3349.95
2025-06-05 16:43:00;3349.89;3350.34;3349.87;3350.08
2025-06-05 16:44:00;3350.13;3350.42;3349.87;3350.03
2025-06-05 16:45:00;3350.27;3350.68;3350.04;3350.5
2025-06-05 16:46:00;3350.36;3352.58;3350.36;3351.87
2025-06-05 16:47:00;3351.75;3352.3;3350.77;3351.16
2025-06-05 16:48:00;3351.16;3353;3350.92;3352.96
2025-06-05 16:49:00;3352.95;3353.22;3352.47;3352.98
2025-06-05 16:50:00;3353.28;3353.28;3352.24;3353.11
2025-06-05 16:51:00;3353.31;3354.78;3353.28;3354.11
2025-06-05 16:52:00;3354;3355.81;3354;3355.81
2025-06-05 16:53:00;3355.97998;3356.48999;3354.96997;3355.37988
2025-06-05 16:54:00;3355.11;3355.77;3355;3355.23
2025-06-05 16:55:00;3355.26;3355.49;3354.28;3354.72
2025-06-05 16:56:00;3355.11011;3355.11011;3353.40991;3353.40991
2025-06-05 16:57:00;3353.07;3354.3;3353;3353.5
2025-06-05 16:58:00;3353.53;3354.27;3353.3;3353.73
2025-06-05 16:59:00;3354.08;3354.21;3353.59;3353.9
2025-06-05 17:00:00;3354.41992;3354.81006;3353.37012;3353.47998
2025-06-05 17:01:00;3353.15;3353.2;3352.13;3352.32
2025-06-05 17:02:00;3352.44;3352.49;3351.49;3352.12
2025-06-05 17:03:00;3352.22;3352.22;3351.5;3351.82
2025-06-05 17:04:00;3351.64990;3351.86011;3351.080078;3351.5
2025-06-05 17:05:00;3351.45;3351.45;3350.09;3350.18
2025-06-05 17:06:00;3350.19;3350.41;3349.13;3349.13
2025-06-05 17:07:00;3349.12;3349.78;3349.12;3349.58
2025-06-05 17:08:00;3349.68;3350.76;3349.49;3350.76
2025-06-05 17:09:00;3351.010010;3351.010010;3350.21997;3350.62012
2025-06-05 17:10:00;3350.39;3351.33;3350.3;3351.33
2025-06-05 17:11:00;3351.28;3351.9;3350.8;3350.8
2025-06-05 17:12:00;3350.91;3351.41;3350.14;3350.25
2025-06-05 17:13:00;3350.27;3350.56;3349.15;3349.17
2025-06-05 17:14:00;3348.91;3349.94;3348.84;3349.86
2025-06-05 17:15:00;3350.06;3350.43;3349.83;3349.83
2025-06-05 17:16:00;3349.8;3350.09;3349.68;3349.73
2025-06-05 17:17:00;3350.14;3350.81;3349.68;3350.81
2025-06-05 17:18:00;3350.95;3352.29;3350.71;3352.07
2025-06-05 17:19:00;3352.04;3352.74;3351.84;3352.71
2025-06-05 17:20:00;3352.63;3352.63;3351.81;3351.99
2025-06-05 17:21:00;3351.92;3353.24;3351.92;3352.97
2025-06-05 17:22:00;3352.93;3353.84;3352.93;3353.66
2025-06-05 17:23:00;3353.64;3353.65;3352.9;3353.39
2025-06-05 17:24:00;3353.28;3353.78;3352.9;3353.27
2025-06-05 17:25:00;3353.16;3353.95;3353.16;3353.29
2025-06-05 17:26:00;3353.33;3354.28;3353.25;3354.05
2025-06-05 17:27:00;3354.07;3354.33;3353.12;3353.17
2025-06-05 17:28:00;3353.23;3353.34;3350.43;3350.61
2025-06-05 17:29:00;3351.12012;3352.92993;3351.12012;3352.56006
2025-06-05 17:30:00;3352.3;3352.87;3351.58;3351.58
2025-06-05 17:31:00;3351.51;3351.96;3351.2;3351.96
2025-06-05 17:32:00;3351.97;3352.16;3351.54;3351.79
2025-06-05 17:33:00;3351.87;3351.87;3350.95;3351.38
2025-06-05 17:34:00;3351.37;3351.45;3350.48;3351.22
2025-06-05 17:35:00;3351.29004;3351.78003;3351.050049;3351.58008
2025-06-05 17:36:00;3351.36;3352.16;3351.18;3352.11
2025-06-05 17:37:00;3352.1;3352.43;3351.97;3352.34
2025-06-05 17:38:00;3352.45;3352.91;3352.41;3352.89
2025-06-05 17:39:00;3352.9;3353.08;3352.65;3352.74
2025-06-05 17:40:00;3352.88989;3353;3352.17993;3352.35010
2025-06-05 17:41:00;3352.17;3352.54;3352.02;3352.54
2025-06-05 17:42:00;3352.71;3353.28;3352.54;3352.61
2025-06-05 17:43:00;3352.75;3353.37012;3352.56006;3352.95996
2025-06-05 17:44:00;3352.63;3352.63;3352.14;3352.36
2025-06-05 17:45:00;3352.34;3352.79;3352.07;3352.32
2025-06-05 17:46:00;3352.34;3352.65;3352;3352.37
2025-06-05 17:47:00;3352.37;3352.52;3351.45;3351.46
2025-06-05 17:48:00;3351.45;3351.66;3350.91;3351.66
2025-06-05 17:49:00;3351.77;3352;3351.08;3351.08
2025-06-05 17:50:00;3350.98;3351.21;3350.19;3350.4
2025-06-05 17:51:00;3350.3;3350.73;3350;3350.73
2025-06-05 17:52:00;3350.83;3351.9;3350.83;3351.83
2025-06-05 17:53:00;3351.84;3352.16;3351.47;3351.53
2025-06-05 17:54:00;3351.47;3352.03;3351.47;3351.74
2025-06-05 17:55:00;3351.82007;3352.58008;3351.80005;3352.57007
2025-06-05 17:56:00;3352.59;3353.32;3352.59;3353.21
2025-06-05 17:57:00;3353.24;3353.86;3353.24;3353.53
2025-06-05 17:58:00;3353.3;3354.15;3353.26;3353.8
2025-06-05 17:59:00;3353.89990;3354.13989;3353.15991;3353.97998
2025-06-05 18:00:00;3353.94;3354.19;3353.08;3353.28
2025-06-05 18:01:00;3353.17;3353.17;3352.79;3352.89
2025-06-05 18:02:00;3352.82;3353.51;3352.79;3353.44
2025-06-05 18:03:00;3353.43;3353.5;3353.2;3353.36
2025-06-05 18:04:00;3353.24;3353.65;3353.06;3353.65
2025-06-05 18:05:00;3353.48;3353.48;3352.87;3353.26
2025-06-05 18:06:00;3353.47;3353.47;3352.84;3352.9
2025-06-05 18:07:00;3352.89;3353.02;3352.2;3352.62
2025-06-05 18:08:00;3352.53;3352.99;3352.05;3352.05
2025-06-05 18:09:00;3351.98;3352.6;3351.78;3352.4
2025-06-05 18:10:00;3352.3;3352.37;3351.32;3351.59
2025-06-05 18:11:00;3351.5;3351.84;3351.03;3351.23
2025-06-05 18:12:00;3351.2;3351.45;3350.96;3351.25
2025-06-05 18:13:00;3351.28;3352.01;3351.17;3351.76
2025-06-05 18:14:00;3351.75;3352.32;3351.7;3351.84
2025-06-05 18:15:00;3352;3352.020020;3351.070068;3351.12012
2025-06-05 18:16:00;3351.04;3352.74;3350.56;3352.65
2025-06-05 18:17:00;3352.75;3353.51;3352.21;3352.21
2025-06-05 18:18:00;3352.29;3352.49;3352.01;3352.29
2025-06-05 18:19:00;3352.06;3352.09;3351.1;3351.1
2025-06-05 18:20:00;3351.26;3351.56;3351;3351.56
2025-06-05 18:21:00;3351.41;3352.22;3351.13;3352.22
2025-06-05 18:22:00;3352.23;3352.69;3352.23;3352.56
2025-06-05 18:23:00;3352.25;3352.48;3352.08;3352.13
2025-06-05 18:24:00;3352.13;3352.45;3351.87;3352.12
2025-06-05 18:25:00;3352.1;3352.18;3351.84;3352.15
2025-06-05 18:26:00;3352.12;3353.25;3351.98;3353.25
2025-06-05 18:27:00;3353.23;3353.27;3352.75;3353.14
2025-06-05 18:28:00;3353.34;3353.7;3352.93;3353.43
2025-06-05 18:29:00;3353.73;3355.54;3353.62;3355.2
2025-06-05 18:30:00;3355.26;3355.52;3354.95;3355.32
2025-06-05 18:31:00;3355.3;3355.41;3354.78;3355.06
2025-06-05 18:32:00;3355.21997;3355.22998;3354.41992;3355.040039
2025-06-05 18:33:00;3354.94;3354.94;3354.51;3354.82
2025-06-05 18:34:00;3354.86;3355.3;3354.53;3354.95
2025-06-05 18:35:00;3354.93;3355.34;3354.85;3355.11
2025-06-05 18:36:00;3355.07;3355.11;3354.65;3354.8
2025-06-05 18:37:00;3354.73;3355.5;3354.16;3354.53
2025-06-05 18:38:00;3354.57;3354.81;3354.2;3354.68
2025-06-05 18:39:00;3354.72;3355.17;3354.55;3355.17
2025-06-05 18:40:00;3355.26;3355.72;3355.15;3355.17
2025-06-05 18:41:00;3355.11;3355.31;3354.4;3354.43
2025-06-05 18:42:00;3354.46;3354.66;3354;3354.09
2025-06-05 18:43:00;3354.11;3354.82;3354;3354.42
2025-06-05 18:44:00;3354.51;3354.51;3354;3354
2025-06-05 18:45:00;3354.03;3354.24;3354;3354
2025-06-05 18:46:00;3353.62;3353.9;3353.04;3353.08
2025-06-05 18:47:00;3353.23999;3353.37012;3352.77002;3352.91992
2025-06-05 18:48:00;3352.92993;3353.53003;3352.72998;3353.53003
2025-06-05 18:49:00;3353.48;3353.79;3353.25;3353.35
2025-06-05 18:50:00;3353.38989;3353.86011;3353.37988;3353.58008
2025-06-05 18:51:00;3353.37;3354.07;3353.37;3353.95
2025-06-05 18:52:00;3354.02;3355.02;3353.98;3354.78
2025-06-05 18:53:00;3354.79;3355.22;3354.78;3355.07
2025-06-05 18:54:00;3355.06;3355.96;3354.81;3354.91
2025-06-05 18:55:00;3354.79;3354.79;3352.89;3352.99
2025-06-05 18:56:00;3353;3353.86;3352.97;3353.84
2025-06-05 18:57:00;3353.93;3353.93;3353.32;3353.45
2025-06-05 18:58:00;3353.46;3353.65;3353.11;3353.41
2025-06-05 18:59:00;3353.58;3353.58;3353.31;3353.49
2025-06-05 19:00:00;3353.57;3353.83;3353.09;3353.11
2025-06-05 19:01:00;3353.33008;3353.73999;3353.17993;3353.73999
2025-06-05 19:02:00;3353.75;3355.070068;3353.63989;3355.010010
2025-06-05 19:03:00;3354.95;3355.15;3354.67;3355.04
2025-06-05 19:04:00;3354.96;3355.78;3354.96;3355.32
2025-06-05 19:05:00;3355.37988;3356.26001;3355.34009;3356.26001
2025-06-05 19:06:00;3356.13;3356.43;3356.13;3356.27
2025-06-05 19:07:00;3356.40991;3356.87012;3355.92993;3356.87012
2025-06-05 19:08:00;3356.72;3357.09;3356.62;3356.88
2025-06-05 19:09:00;3357.040039;3357.15991;3356.15991;3356.15991
2025-06-05 19:10:00;3356.33008;3356.79004;3356.33008;3356.59009
2025-06-05 19:11:00;3356.33;3357.11;3356.22;3356.31
2025-06-05 19:12:00;3356.41992;3356.62012;3355.71997;3355.82007
2025-06-05 19:13:00;3355.63;3356.14;3355.24;3356.14
2025-06-05 19:14:00;3356.24;3356.53;3355.89;3355.94
2025-06-05 19:15:00;3356.18;3356.19;3355.41;3355.41
2025-06-05 19:16:00;3355.4;3355.68;3354.9;3355.37
2025-06-05 19:17:00;3355.71997;3356.85010;3355.71997;3355.92993
2025-06-05 19:18:00;3355.79;3356.14;3355.33;3355.9
2025-06-05 19:19:00;3355.91;3356.92;3355.87;3356.65
2025-06-05 19:20:00;3356.77;3358.05;3356.69;3357.82
2025-06-05 19:21:00;3358.14;3358.7;3357.94;3358.29
2025-06-05 19:22:00;3358.44;3358.72;3358.09;3358.71
2025-06-05 19:23:00;3358.72;3359.41;3358.35;3359.22
2025-06-05 19:24:00;3359.41;3359.78;3359.11;3359.76
2025-06-05 19:25:00;3360.12;3360.88;3360.03;3360.68
2025-06-05 19:26:00;3360.96;3361.22;3359.97;3360.04
2025-06-05 19:27:00;3359.93;3359.96;3357.69;3357.85
2025-06-05 19:28:00;3357.84;3358.12;3357.66;3357.92
2025-06-05 19:29:00;3358.11011;3358.46997;3357.78003;3357.81006
2025-06-05 19:30:00;3357.69;3357.77;3356.42;3357.04
2025-06-05 19:31:00;3356.97998;3357.060059;3356.070068;3357.050049
2025-06-05 19:32:00;3356.91;3357.27;3356.07;3356.14
2025-06-05 19:33:00;3356.27;3356.52;3356.07;3356.47
2025-06-05 19:34:00;3356.48;3357.45;3356.48;3356.84
2025-06-05 19:35:00;3356.9;3357.65;3356.5;3357.65
2025-06-05 19:36:00;3357.64;3357.64;3356.34;3356.58
2025-06-05 19:37:00;3356.35;3356.65;3356.07;3356.11
2025-06-05 19:38:00;3356.15;3356.15;3355.19;3355.74
2025-06-05 19:39:00;3355.84;3356.08;3355.28;3356.07
2025-06-05 19:40:00;3355.87;3356.72;3355.31;3356.72
2025-06-05 19:41:00;3356.82007;3357.72998;3356.37988;3357.44995
2025-06-05 19:42:00;3357.30005;3358.22998;3357.30005;3357.80005
2025-06-05 19:43:00;3357.71997;3357.80005;3357.070068;3357.070068
2025-06-05 19:44:00;3356.95;3357.44;3356.49;3356.97
2025-06-05 19:45:00;3357.01;3357.26;3356.22;3356.32
2025-06-05 19:46:00;3356.35;3356.89;3356.28;3356.81
2025-06-05 19:47:00;3356.97;3357.29;3352.83;3353.32
2025-06-05 19:48:00;3353.26;3355.32;3353.26;3355.15
2025-06-05 19:49:00;3355.38989;3356.060059;3355.10010;3355.44995
2025-06-05 19:50:00;3355.43994;3357.46997;3355.43994;3356.010010
2025-06-05 19:51:00;3355.51;3356.46;3355.44;3356.3
2025-06-05 19:52:00;3356.17;3356.26;3355.53;3355.9
2025-06-05 19:53:00;3356.34;3357.48;3356.25;3356.93
2025-06-05 19:54:00;3357.29;3358.07;3357.05;3358.06
2025-06-05 19:55:00;3358.33008;3359.050049;3353.61011;3355.18994
2025-06-05 19:56:00;3355.05;3356.04;3354.82;3355.12
2025-06-05 19:57:00;3355.2;3356.61;3355.06;3356.58
2025-06-05 19:58:00;3356.33;3358.84;3356.11;3358.75
2025-06-05 19:59:00;3358.61011;3358.61011;3357.25;3357.25
2025-06-05 20:00:00;3357.62;3357.62;3356.09;3356.8
2025-06-05 20:01:00;3357.20996;3357.34009;3356.55005;3356.60010
2025-06-05 20:02:00;3356.6;3357.21;3356.6;3357.21
2025-06-05 20:03:00;3357.29004;3357.44995;3356.78003;3356.93994
2025-06-05 20:04:00;3356.73;3357.02;3355.77;3355.96
2025-06-05 20:05:00;3356.01;3356.38;3355.73;3356.31
2025-06-05 20:06:00;3356.39;3356.59;3356.37;3356.42
2025-06-05 20:07:00;3356.63;3356.64;3356.2;3356.2
2025-06-05 20:08:00;3356.16;3356.42;3355.98;3355.98
2025-06-05 20:09:00;3356.08;3356.32;3355.94;3355.94
2025-06-05 20:10:00;3356.04;3356.2;3355.83;3355.96
2025-06-05 20:11:00;3356.17;3356.6;3355.87;3356.6
2025-06-05 20:12:00;3356.7;3356.7;3356.28;3356.42
2025-06-05 20:13:00;3356.49;3356.66;3356.34;3356.65
2025-06-05 20:14:00;3356.69;3356.84;3356.07;3356.55
2025-06-05 20:15:00;3356.44;3356.83;3356.1;3356.61
2025-06-05 20:16:00;3356.46;3356.9;3356.23;3356.79
2025-06-05 20:17:00;3356.68;3356.86;3356.37;3356.37
2025-06-05 20:18:00;3356.47;3356.47;3356.01;3356.01
2025-06-05 20:19:00;3355.95;3355.96;3355.03;3355.46
2025-06-05 20:20:00;3355.49;3355.78;3354.92;3355.57
2025-06-05 20:21:00;3355.55;3355.55;3354.79;3355.2
2025-06-05 20:22:00;3355.66992;3355.68994;3354.87012;3354.89990
2025-06-05 20:23:00;3354.85;3354.85;3354.35;3354.8
2025-06-05 20:24:00;3354.85010;3354.92993;3354.59009;3354.68994
2025-06-05 20:25:00;3354.24;3354.24;3353.41;3354
2025-06-05 20:26:00;3354.16;3354.35;3354.06;3354.12
2025-06-05 20:27:00;3353.91;3354.17;3353.48;3353.48
2025-06-05 20:28:00;3353.42;3353.82;3353.32;3353.56
2025-06-05 20:29:00;3353.43;3353.76;3353.11;3353.67
2025-06-05 20:30:00;3353.66;3354.02;3353.54;3354.02
2025-06-05 20:31:00;3354.35;3354.63;3354.25;3354.61
2025-06-05 20:32:00;3354.71;3355.05;3354.71;3355.05
2025-06-05 20:33:00;3355.14990;3355.52002;3355.060059;3355.21997
2025-06-05 20:34:00;3355.23999;3355.37012;3355.22998;3355.27002
2025-06-05 20:35:00;3354.97;3355.17;3354.54;3354.54
2025-06-05 20:36:00;3354.33;3354.76;3354.33;3354.53
2025-06-05 20:37:00;3354.54;3354.72;3354.54;3354.59
2025-06-05 20:38:00;3354.69;3354.69;3354.39;3354.4
2025-06-05 20:39:00;3354.41;3354.41;3354.3;3354.3
2025-06-05 20:40:00;3354.15;3354.25;3354.12;3354.17
2025-06-05 20:41:00;3354.27;3354.44;3354.13;3354.44
2025-06-05 20:42:00;3354.17;3354.17;3354;3354
2025-06-05 20:43:00;3353.93994;3354.44995;3353.90991;3354.42993
2025-06-05 20:44:00;3354.15;3354.15;3353.59;3353.91
2025-06-05 20:45:00;3354.08;3354.24;3353.93;3353.93
2025-06-05 20:46:00;3354.13989;3354.13989;3353.64990;3353.64990
2025-06-05 20:47:00;3353.35;3353.43;3351.86;3351.94
2025-06-05 20:48:00;3351.98;3352.39;3351.96;3351.96
2025-06-05 20:49:00;3352.12;3352.56;3352.12;3352.47
2025-06-05 20:50:00;3352.67993;3353.63989;3352.56006;3353.61011
2025-06-05 20:51:00;3353.39;3353.52;3353.38;3353.52
2025-06-05 20:52:00;3353.58;3353.96;3353.58;3353.96
2025-06-05 20:53:00;3353.99;3354.17;3353.9;3353.9
2025-06-05 20:54:00;3355.2;3355.9;3354.9;3355.9
2025-06-05 20:55:00;3355.6;3355.6;3355.6;3355.6
2025-06-05 20:56:00;3354.7;3354.7;3354.2;3354.5
2025-06-05 20:57:00;3354.4;3354.7;3353.5;3353.8
2025-06-05 20:58:00;3353.7;3353.9;3352.9;3352.9
2025-06-05 20:59:00;3353;3353;3353;3353
2025-06-05 21:00:00;3353.1;3353.3;3352.3;3353.3
2025-06-05 21:01:00;3353.2;3353.2;3353.2;3353.2
2025-06-05 21:02:00;3352.2;3353.1;3352.2;3353.1
2025-06-05 21:04:00;3353.5;3355.2;3353.5;3354.9
2025-06-05 21:05:00;3355.2;3355.2;3354.9;3355
2025-06-05 21:06:00;3354.8;3354.8;3353.9;3354.7
2025-06-05 21:07:00;3354.7;3357.4;3354.7;3355.5
2025-06-05 21:08:00;3355.3;3355.9;3355.1;3355.4
2025-06-05 21:09:00;3355.6;3356.3;3355.1;3355.2
2025-06-05 21:10:00;3354.3;3356.1;3354.1;3356.1
2025-06-05 21:11:00;3355.4;3355.4;3355;3355
2025-06-05 21:12:00;3354.2;3358.4;3354.2;3356.2
2025-06-05 21:13:00;3356.4;3356.4;3355.8;3355.9
2025-06-05 21:14:00;3356.2;3356.7;3355.9;3356.4
2025-06-05 21:16:00;3356.4;3356.4;3355.6;3355.9
2025-06-05 21:17:00;3355.8;3356.7;3355.8;3356.1
2025-06-05 21:18:00;3356.2;3356.3;3356.1;3356.3
2025-06-05 21:20:00;3355.6;3356.3;3355.6;3356.3
2025-06-05 21:22:00;3356.4;3356.7;3356.2;3356.3
2025-06-05 21:23:00;3356.1;3356.6;3356;3356.5
2025-06-05 21:24:00;3355.9;3357.2;3355.9;3357.2
2025-06-05 21:25:00;3356.8;3356.8;3355.7;3356.5
2025-06-05 21:26:00;3356.2;3356.9;3356.2;3356.3
2025-06-05 21:27:00;3356.2;3356.9;3356.2;3356.9
2025-06-05 21:28:00;3357;3357;3356.5;3356.7
2025-06-05 21:29:00;3356.7;3356.7;3356.5;3356.5
2025-06-05 21:30:00;3356.5;3356.5;3356.5;3356.5
2025-06-05 21:31:00;3356.5;3357.2;3356.5;3356.8
2025-06-05 21:32:00;3356.7;3357.3;3356.7;3356.9
2025-06-05 21:33:00;3356.9;3356.9;3355.4;3356
2025-06-05 21:34:00;3356.2;3357;3355.7;3356.5
2025-06-05 21:35:00;3356.6;3356.9;3356.3;3356.9
2025-06-05 21:36:00;3357.1;3358;3356.9;3357.1
2025-06-05 21:37:00;3357.1;3357.6;3356.7;3357.4
2025-06-05 21:38:00;3357.5;3357.5;3357.1;3357.2
2025-06-05 21:39:00;3357.1;3357.2;3356.5;3357
2025-06-05 21:40:00;3357;3357.2;3356.7;3357
2025-06-05 21:41:00;3357.1;3357.2;3356.8;3356.9
2025-06-05 21:42:00;3357.1;3357.1;3357.1;3357.1
2025-06-05 21:43:00;3357;3357;3357;3357
2025-06-05 21:44:00;3356.3;3358.4;3355.6;3358.4
2025-06-05 21:45:00;3356.4;3356.4;3356.4;3356.4
2025-06-05 21:46:00;3356;3357.5;3356;3356.7
2025-06-05 21:47:00;3357.5;3357.5;3356.9;3357.3
2025-06-05 21:48:00;3357.2;3357.3;3357.1;3357.2
2025-06-05 21:49:00;3357.2;3357.2;3357.2;3357.2
2025-06-05 21:51:00;3357.2;3357.2;3357.2;3357.2
2025-06-05 21:53:00;3358.2;3358.2;3358;3358
2025-06-05 21:54:00;3357.9;3358;3357.7;3357.7
2025-06-05 21:55:00;3357.7;3358.8;3357.3;3358.3
2025-06-05 21:56:00;3358.4;3358.7;3357.5;3357.5
2025-06-05 21:57:00;3357.5;3357.7;3357.3;3357.4
2025-06-05 21:58:00;3357.4;3358;3357.3;3357.7
2025-06-05 21:59:00;3357.3;3357.8;3357.3;3357.8
